{
  "result": "success",
  "timestamp": 1627845.74115,
  "names": [
    "left_hip_pitch_joint",
    "left_hip_roll_joint",
    "left_hip_yaw_joint",
    "left_knee_joint",
    "left_ankle_pitch_joint",
    "left_ankle_roll_joint",
    "right_hip_pitch_joint",
    "right_hip_roll_joint",
    "right_hip_yaw_joint",
    "right_knee_joint",
    "right_ankle_pitch_joint",
    "right_ankle_roll_joint",
    "waist_yaw_joint",
    "waist_roll_joint",
    "waist_pitch_joint",
    "head_yaw_joint",
    "head_pitch_joint",
    "left_shoulder_pitch_joint",
    "left_shoulder_roll_joint",
    "left_shoulder_yaw_joint",
    "left_elbow_joint",
    "left_wrist_yaw_joint",
    "left_wrist_pitch_joint",
    "left_wrist_roll_joint",
    "right_shoulder_pitch_joint",
    "right_shoulder_roll_joint",
    "right_shoulder_yaw_joint",
    "right_elbow_joint",
    "right_wrist_yaw_joint",
    "right_wrist_pitch_joint",
    "right_wrist_roll_joint"
  ],
  "q": [
    -0.16509991884231567,
    -0.011400047689676285,
    -0.058200184255838394,
    0.24248534440994263,
    -0.1040002629160881,
    0.016534345224499702,
    -0.13599997758865356,
    -0.014299694448709488,
    0.06859993934631348,
    0.24000000953674316,
    -0.12143774330615997,
    -0.005341134034097195,
    0.00690007209777832,
    0.004080071114003658,
    -0.013297652825713158,
    -0.0007999578956514597,
    0.02349996566772461,
    0.11330032348632812,
    0.2145967036485672,
    -0.214596226811409,
    -1.1328996419906616,
    -0.029499832540750504,
    0.022899627685546875,
    -0.03180009499192238,
    0.11200004816055298,
    -0.21949656307697296,
    0.22709651291370392,
    -1.1326998472213745,
    0.017100095748901367,
    0.024899959564208984,
    0.02929997444152832
  ],
  "dq": [
    0,
    0,
    0,
    0,
    0,
    0,
    0,
    0,
    0,
    0,
    0,
    0,
    0,
    0,
    0,
    0,
    0,
    0,
    0,
    0,
    0,
    0,
    0,
    0,
    0,
    0,
    0,
    0,
    0,
    0,
    0
  ],
  "tau": [
    -7.579999923706055,
    13.699999809265137,
    -2.3299999237060547,
    -18.940000534057617,
    -16.076004028320312,
    4.813534259796143,
    -2.9000000953674316,
    -2.7899999618530273,
    2.619999885559082,
    -8.619999885559082,
    -9.568352699279785,
    -1.018305778503418,
    -0.27000001072883606,
    2.305143117904663,
    5.500040531158447,
    -0.20000000298023224,
    0.4300000071525574,
    -2.619999885559082,
    2.609999895095825,
    0.6000000238418579,
    -3.509999990463257,
    1.2300000190734863,
    -1.190000057220459,
    0.30000001192092896,
    -2.440000057220459,
    -1.8899999856948853,
    -1.2300000190734863,
    -4.289999961853027,
    -0.5199999809265137,
    -1.1399999856948853,
    -0.49000000953674316
  ]
}